{
  "packages": [
    {
      "name": "Altronic APRC-100",
      "maintainer": "Altronic",
      "websiteURL": "http://www.altronic-llc.com",
      "email": "david.lepley@hoerbiger.com",
      "help": {"online": "http://www.altronic-llc.com"},
      "platforms": [
        {
          "name": "Altronic Boards",
          "architecture": "samd",
          "version": "1.1.0",
          "category": "Contributed",
          "help": {
            "online": "http://www.altronic-llc.com"
          },
          "url": "https://matt-traina.github.io/APRC-100_Bootloader/Altronic.zip",
		  "archiveFileName": "Altronic.zip",
"checksum": "SHA-256:026168544c417f0d867d3bcc4a4885ffe602f546f8356d388d6fefe070a8195e",

          "size": "1193839",
          "boards": [
            {"name": "Altronic APRC-100"},
			{"name": "Altronic AFR-500"}
          ],
          "toolsDependencies": []
        }
      ],
      "tools":[]
    }
  ]
}