{
  "packages": [
    {
      "name": "AGV-1 M0",
      "maintainer": "David Lepley",
      "websiteURL": "http://www.altronic-llc.com",
      "email": "david.lepley@hoerbiger.com",
      "help": {"online": "http://www.altronic-llc.com"},
      "platforms": [
        {
          "name": "AGV-1 M0",
          "architecture": "samd",
          "version": "1.0.0",
          "category": "Contributed",
          "help": {
            "online": "http://www.altronic-llc.com"
          },
          "url": "file://C:/Users/u4ai_dl/Documents/Skunkworks/corereleases/AGV1M0-1.0.0.zip",
          "archiveFileName": "AGV1M0-1.0.0.zip",
"checksum": "SHA-256:53e9c7f45d378e361c875abd394cef07b72cc20fd2d506fe725725e2e27ff5d0",
          "size": "1193839",
          "boards": [
            {"name": "AGV-1 M0"}
          ],
          "toolsDependencies": []
        }
      ],
      "tools":[]
    }
  ]
}
