{
  "packages": [
    {
      "name": "Altronic SAMD",
      "maintainer": "David Lepley",
      "websiteURL": "http://www.altronic-llc.com",
      "email": "david.lepley@hoerbiger.com",
      "help": {"online": "http://www.altronic-llc.com"},
      "platforms": [
        {
          "name": "Altronic SAMD21",
          "architecture": "samd",
          "version": "1.0.0",
          "category": "Contributed",
          "help": {
            "online": "http://www.altronic-llc.com"
          },
          "url": "https://altsknkwrks.000webhostapp.com/Altronic_SAMD-1.0.0.tar",
          "archiveFileName": "Altronic_SAMD-1.0.0.tar",
"checksum": "SHA-256:e8f8853e96a6777c738ba82c110120fc1bf0afd78d3413020ff24e9c85e11f14",
          "size": "3552256",
          "boards": [
            {"name": "AGV-1 M0"}
          ],
          "toolsDependencies": []
        }
      ],
      "tools":[]
    }
  ]
}
